month,store_id,region,sales,marketing_spend,customer_satisfaction,staff_count
2025-01-01,S01,East,42000,4200,4.1,8
2025-02-01,S01,East,45000,4400,4.2,8
2025-03-01,S01,East,47000,4600,4.0,9
2025-04-01,S01,East,46000,4500,4.1,9
2025-05-01,S01,East,49000,4800,4.3,9
2025-06-01,S01,East,51000,5000,4.4,9
2025-01-01,S02,West,36000,3200,3.8,7
2025-02-01,S02,West,37000,3500,3.9,7
2025-03-01,S02,West,,3400,3.7,7
2025-04-01,S02,West,39000,3700,3.9,7
2025-05-01,S02,West,41000,3900,,8
2025-06-01,S02,West,43000,4100,4.0,8
2025-01-01,S03,North,52000,5000,4.3,10
2025-02-01,S03,North,53000,5100,4.2,10
2025-03-01,S03,North,54000,5300,4.4,10
2025-04-01,S03,North,56000,5400,4.5,11
2025-05-01,S03,North,58000,5500,4.3,11
2025-06-01,S03,North,60000,5700,4.6,11
2025-01-01,S04,East,38000,3600,4.0,7
2025-02-01,S04,East,40000,3700,4.1,7
2025-03-01,S04,east ,41000,3900,4.0,unknown
2025-04-01,S04,East,42000,4000,4.2,8
2025-05-01,S04,East,44000,4200,4.3,8
2025-06-01,S04,East,46000,4400,4.2,8
2025-06-01,S04,East,46000,4400,4.2,8
